Response content isn't text,https://i3.hdslb.com/bfs/videoshot/53277235.bin?vsign=f35649a49cdbcf27eca8cf4ecacf6b8676b69166&ver=102349683
Response content isn't text,https://dl.pinyin.sogou.com/gz_files_6.5/b6560b16401b8de150ded15bcae17894.scel.gz?v=8.3.0.9412&h=88054FCA52E5D860D3C760B01A98DDB4&cs=1
Response content isn't text,https://ghoul-adr-cncs-cbt-rs-0001.ppgame.com/ghoul/assetbundles/prefabs/ui/image/backgroud/hun_xia/hd_xianshi_chatu4.assetbundle.1922894996
'http://sic.nju.edu.cn/usample/index?url=http%3A%2F%2Fsic.nju.edu.cn%2Fportal%2Fequipment%2Fedit%3Fid%3D10004%26tab%3Dsensors%26sensorId%3D13',http://sic.nju.edu.cn/usample/index?url=http%3A%2F%2Fsic.nju.edu.cn%2Fportal%2Fequipment%2Fedit%3Fid%3D10004%26tab%3Dsensors%26sensorId%3D13
Response content isn't text,https://ghoul-adr-cncs-cbt-rs-0001.ppgame.com/ghoul/assetbundles/prefabs/ui/image/backgroud/fun_game/xyx_mjzl_jinmu.assetbundle.114577260
Response content isn't text,https://i3.hdslb.com/bfs/videoshot/581373.bin?vsign=fa3c4683e3e82d6eab0298dddf88f675e2ce6f72&ver=31150905
Response content isn't text,https://dl.pinyin.sogou.com/gz_files_6.5/b6560b16401b8de150ded15bcae17894.scel.gz?v=9.0.0.2502&h=BA964AFB8C555DC55772F6B06A7C3826&cs=1
Response content isn't text,https://s1.jiguo.com/a6f768c7-ba5d-4146-b001-f76be7d5bdb1/logo
'https://weixin.yctu.edu.cn/noh/?url=http://weixin.yctu.edu.cn/dfcx/e/1/11/1111/111102/11110205',https://weixin.yctu.edu.cn/noh/?url=http://weixin.yctu.edu.cn/dfcx/e/1/11/1111/111102/11110205
Response content isn't text,https://s1.jiguo.com/cf580e85-ab6a-40e8-b26f-8830a42ceaec/logo
Response content isn't text,https://ghoul-adr-cncs-cbt-rs-0001.ppgame.com/ghoul/assetbundles/prefabs/ui/image/icon/equip_item_weapon/90_90/wq_youmaguijiang1.assetbundle.3672722753
Response content isn't text,https://qiniu.mrpyq.com/FjzBSmccE6EV5kpwRcjY9AWk7Lkq-large
Response content isn't text,https://i04.pictn.sogoucdn.com/c22ba0f0b92b33c4
Response content isn't text,https://s1.jiguo.com/avatar2584297/230x230
Response content isn't text,https://s1.jiguo.com/avatar2797821/230x230
Response content isn't text,https://s1.jiguo.com/avatar2900662/230x230
Response content isn't text,https://i3.hdslb.com/bfs/videoshot/52828785.bin?vsign=c4a2c0b81289aaf30f66aa57af3733ba510f01ad&ver=102099843
Response content isn't text,https://ghoul-adr-cncs-cbt-rs-0001.ppgame.com/ghoul/assetbundles/prefabs/ui/image/icon/drama_dh/wudaodongxiang_dh3.assetbundle.4237335522
Response content isn't text,https://ghoul-adr-cncs-cbt-rs-0001.ppgame.com/ghoul/assetbundles/prefabs/ui/image/icon/equip_item/90_90/yu1.assetbundle.2760979704
Response content isn't text,https://i04.pictn.sogoucdn.com/f563639251a29631
Response content isn't text,https://dl.pinyin.sogou.com/patch_files_6.5/patch_1535177207_4.scel.gz?v=8.9.0.2223&h=F40344025E390A34CDF017F8EC5F5A85
Response content isn't text,https://i3.hdslb.com/bfs/videoshot/6847325.bin?vsign=e63316f3bd47436d2c720819e357714231e62c5d&ver=31215802
Response content isn't text,https://ghoul-adr-cncs-cbt-rs-0001.ppgame.com/ghoul/assetbundles/prefabs/ui/image/icon/equip_item/90_90/yu4.assetbundle.1934837469
'https://weixin.yctu.edu.cn/noh/?url=http://weixin.yctu.edu.cn/home/do/aaa',https://weixin.yctu.edu.cn/noh/?url=http://weixin.yctu.edu.cn/home/do/aaa
Response content isn't text,https://ghoul-adr-cncs-cbt-rs-0001.ppgame.com/ghoul/assetbundles/prefabs/ui/image/icon/equip_item/90_90/chongshengshicheng.assetbundle.185840881
'https://jc.nju.edu.cn/8643/list.psp',https://jc.nju.edu.cn/8643/list.psp
'https://weixin.yctu.edu.cn/noh/?url=http://weixin.yctu.edu.cn/home/do/bbb',https://weixin.yctu.edu.cn/noh/?url=http://weixin.yctu.edu.cn/home/do/bbb
Response content isn't text,https://i3.hdslb.com/bfs/videoshot/8260815.bin?vsign=d3557a395d584587351904a55c28809466817460&ver=33734586
Response content isn't text,https://ghoul-adr-cncs-cbt-rs-0001.ppgame.com/ghoul/assetbundles/prefabs/ui/image/icon/equip_item/90_90/chongshengshizi.assetbundle.2083631018
'http://ids.njust.edu.cn/authserver/login?service=https%3A%2F%2Fehall.njust.edu.cn%3A443%2Fnew%2Findex.html',http://ids.njust.edu.cn/authserver/login?service=https%3A%2F%2Fehall.njust.edu.cn%3A443%2Fnew%2Findex.html
Response content isn't text,https://i3.hdslb.com/bfs/videoshot/13939975.bin?vsign=74b0bf95472b34128ad53561b709ed1d63234aa5&ver=53388690
'http://ids.njust.edu.cn/authserver/login?service=https%3A%2F%2Fehall.njust.edu.cn%3A443%2Fxsfw%2Fsys%2Fyxapp%2Fmodules%2FstudentReport%2FgetReportFWX.do',http://ids.njust.edu.cn/authserver/login?service=https%3A%2F%2Fehall.njust.edu.cn%3A443%2Fxsfw%2Fsys%2Fyxapp%2Fmodules%2FstudentReport%2FgetReportFWX.do
Response content isn't text,https://ghoul-adr-cncs-cbt-rs-0001.ppgame.com/ghoul/assetbundles/prefabs/ui/image/icon/skill/90_90/xiaoyuanxingji_1.assetbundle.1835145439
'https://weixin.yctu.edu.cn/noh/?url=http://weixin.yctu.edu.cn/home/do/ddd',https://weixin.yctu.edu.cn/noh/?url=http://weixin.yctu.edu.cn/home/do/ddd
'http://ids.njust.edu.cn/authserver/login?service=https%3A%2F%2Fehall.njust.edu.cn%3A443%2Fxsfw%2Fsys%2Fyxapp%2Fcommoncall%2FcallQuery.do',http://ids.njust.edu.cn/authserver/login?service=https%3A%2F%2Fehall.njust.edu.cn%3A443%2Fxsfw%2Fsys%2Fyxapp%2Fcommoncall%2FcallQuery.do
'https://weixin.yctu.edu.cn/noh/?url=http://weixin.yctu.edu.cn/home/do/ccc',https://weixin.yctu.edu.cn/noh/?url=http://weixin.yctu.edu.cn/home/do/ccc
'http://ids.njust.edu.cn/authserver/login?service=https%3A%2F%2Fehall.njust.edu.cn%3A443%2Fxsfw%2Fsys%2Fyxapp%2Fmodules%2Fxsbd%2FgetStuJfInfo.do',http://ids.njust.edu.cn/authserver/login?service=https%3A%2F%2Fehall.njust.edu.cn%3A443%2Fxsfw%2Fsys%2Fyxapp%2Fmodules%2Fxsbd%2FgetStuJfInfo.do
Response content isn't text,https://upload.jianshu.io/flow/ad/dfc15314-1caf-4a07-b2cb-105ecf866c96?imageMogr2/auto-orient/strip%7CimageView2/2/w/240/h/240/q/100
Response content isn't text,https://qiniu.mrpyq.com/Flgldd0S8SBd2ypx61cZtO6QXiFD-large
'http://ids.njust.edu.cn/authserver/login?service=https%3A%2F%2Fehall.njust.edu.cn%3A443%2Fnew%2Fpc_card%2F4764356755066632%2FPC-CARD-HTML-4764356755066632-01%2Fcard.html',http://ids.njust.edu.cn/authserver/login?service=https%3A%2F%2Fehall.njust.edu.cn%3A443%2Fnew%2Fpc_card%2F4764356755066632%2FPC-CARD-HTML-4764356755066632-01%2Fcard.html
'http://ids.njust.edu.cn/authserver/login?service=https%3A%2F%2Fehall.njust.edu.cn%3A443%2Fnew%2Fpc_card%2F4804236383747498%2FPC-CARD-HTML-4804236383747498-01%2Fcard.html',http://ids.njust.edu.cn/authserver/login?service=https%3A%2F%2Fehall.njust.edu.cn%3A443%2Fnew%2Fpc_card%2F4804236383747498%2FPC-CARD-HTML-4804236383747498-01%2Fcard.html
Response content isn't text,https://qiniu.mrpyq.com/Fthov74FUHtI6IY-fW0eu4PIyiB6-large
'https://open.weixin.qq.com/connect/oauth2/authorize?appid=wxf2f6f120053cf5eb&redirect_uri=http://wechat2.njust.edu.cn/yxlx/yx_xs&response_type=code&scope=SCOPE&state=STATE&connect_redirect=1',https://open.weixin.qq.com/connect/oauth2/authorize?appid=wxf2f6f120053cf5eb&redirect_uri=http://wechat2.njust.edu.cn/yxlx/yx_xs&response_type=code&scope=SCOPE&state=STATE&connect_redirect=1
Response content isn't text,https://sf1-ttcdn-tos.pstatp.com/obj/web.business.image/201805165d0d01bd664d81c84dad9b96
Response content isn't text,https://i3.hdslb.com/bfs/videoshot/50886700.bin?vsign=c4972293efccd2f77bfd57984b2b97dab0f92d95&ver=101098730
'https://eclass1.cpu.edu.cn/portal/main.psp',https://eclass1.cpu.edu.cn/portal/main.psp
Response content isn't text,https://i3.hdslb.com/bfs/videoshot/52605016.bin?vsign=ada499785b55cdd163daee37dda7a114a04d2e15&ver=101990182
Response content isn't text,https://i3.hdslb.com/bfs/videoshot/16635350.bin?vsign=d9fd9c625e18c5dbea29925148e9240137f68cc6&ver=59930035
Response content isn't text,https://update3.dota2.wmsj.cn/depot/381453/manifest/1168056362183106140/5
Response content isn't text,https://i3.hdslb.com/bfs/videoshot/53423519.bin?vsign=569c264c74b97c749d2167295d6a596c6b542454&ver=102432350
Response content isn't text,https://ghoul-adr-cncs-cbt-rs-0001.ppgame.com/ghoul/assetbundles/prefabs/ui/wanfa/team_adventure/ui_8601_team_adventure.assetbundle.854914293
'http://ids.njust.edu.cn/authserver/login?service=https%3A%2F%2Fids.njust.edu.cn%3A443%2Fauthserver%2FneedCaptcha.html%3Fusername%3D918103860230%26v%3D00004904404678647278',http://ids.njust.edu.cn/authserver/login?service=https%3A%2F%2Fids.njust.edu.cn%3A443%2Fauthserver%2FneedCaptcha.html%3Fusername%3D918103860230%26v%3D00004904404678647278
'https://open.weixin.qq.com/connect/oauth2/authorize?appid=wxf2f6f120053cf5eb&redirect_uri=http://wechat2.njust.edu.cn/yxlx/yx_xs/getInterface&response_type=code&scope=SCOPE&state=STATE&connect_redirect=1',https://open.weixin.qq.com/connect/oauth2/authorize?appid=wxf2f6f120053cf5eb&redirect_uri=http://wechat2.njust.edu.cn/yxlx/yx_xs/getInterface&response_type=code&scope=SCOPE&state=STATE&connect_redirect=1
list index out of range,https://mirrors.njupt.edu.cn/centos/6.10/os/x86_64/repodata/repomd.xml
Response content isn't text,https://i3.hdslb.com/bfs/videoshot/20941581.bin?vsign=8815ae7d7c4b80f829077e14593fef66bbddcf9a&ver=68257278
Response content isn't text,https://i3.hdslb.com/bfs/videoshot/53241305.bin?vsign=7b251492fb2506d8776c3442728c4ec2eed11561&ver=102336767
Response content isn't text,https://i3.hdslb.com/bfs/videoshot/29776652.bin?vsign=20a36cabc87b30eb93a0f5e4e13cedc759279162&ver=82676647
'http://ids.njust.edu.cn/authserver/login?service=https%3A%2F%2Fehall.njust.edu.cn%3A443%2Fnew%2Fpc_card%2Fframework%2Fpublic%2FtagHtml%2Famp-w-frame.html',http://ids.njust.edu.cn/authserver/login?service=https%3A%2F%2Fehall.njust.edu.cn%3A443%2Fnew%2Fpc_card%2Fframework%2Fpublic%2FtagHtml%2Famp-w-frame.html
Response content isn't text,https://update4.dota2.wmsj.cn/depot/381451/chunk/f212b1536357f91c3a3b09585f16396ca6e81931
'https://authserver.njau.edu.cn:443/authserver/login?service=https%3A%2F%2Fmyportal.njau.edu.cn%3A443%2Flogin%3Fservice%3Dhttp%3A%2F%2Fmyportal.njau.edu.cn%2Fnew%2Findex.html',https://authserver.njau.edu.cn:443/authserver/login?service=https%3A%2F%2Fmyportal.njau.edu.cn%3A443%2Flogin%3Fservice%3Dhttp%3A%2F%2Fmyportal.njau.edu.cn%2Fnew%2Findex.html
Response content isn't text,https://i3.hdslb.com/bfs/videoshot/19158815.bin?vsign=8fa3b13cb36cb0aac729fe3717bdfad3c883a551&ver=65218758
Response content isn't text,https://i3.hdslb.com/bfs/videoshot/42731892.bin?vsign=ca7f205077ab38f334d236cfd6ce5f0adcdd992e&ver=96309052
list index out of range,https://mirrors.njupt.edu.cn/centos/6.10/updates/x86_64/repodata/repomd.xml
Response content isn't text,https://onlinedown.down.123ch.cn/download/vfp%28Visual%20FoxPro%29_1@635628.exe
Response content isn't text,https://i3.hdslb.com/bfs/videoshot/51908319.bin?vsign=024cab4094c412b2328cbc6e6ed27c9695584f34&ver=101636270
Response content isn't text,https://wdl1.cache.wps.cn/per-plugin/dl/addons/pool/win-i386/kscreensaverupdater_1.0.1.42.7z
Response content isn't text,https://www.cninfo.com.cn/finalpage/2015-09-19/1201611777.JPG
Response content isn't text,https://i3.hdslb.com/bfs/videoshot/20326192.bin?vsign=76affa5612acc9e229135ed428b9ea0d0a2ec610&ver=67306788
Response content isn't text,https://ghoul-adr-cncs-cbt-rs-0001.ppgame.com/ghoul/assetbundles/prefabs/character/ch_h005/animation/show_98795517e150bd74fa5419ebb42d8491.assetbundle.3480694497
Response content isn't text,https://i3.hdslb.com/bfs/videoshot/53163325.bin?vsign=d029f3e4dc1cf1e6147c5eb31c292b25e109a9c8&ver=102280750
Response content isn't text,https://cdn1.ime.sogou.com/yun_pack_zb/yun_706898a8a6b25188ae86963c62244d2d_1
'http://ids.njust.edu.cn/authserver/login?service=https%3A%2F%2Fehall.njust.edu.cn%3A443%2Fnew%2Fpc_card%2Fframework%2Fpolymer%2Fpolymer-mini.html',http://ids.njust.edu.cn/authserver/login?service=https%3A%2F%2Fehall.njust.edu.cn%3A443%2Fnew%2Fpc_card%2Fframework%2Fpolymer%2Fpolymer-mini.html
Response content isn't text,https://ghoul-adr-cncs-cbt-rs-0001.ppgame.com/ghoul/assetbundles/prefabs/character/ch_h005/animation/win_7f13ccc9dff858249a1fcfa1b0fcf4c7.assetbundle.787365273
'https://weixin.yctu.edu.cn/noh/?url=http://weixin.yctu.edu.cn/',https://weixin.yctu.edu.cn/noh/?url=http://weixin.yctu.edu.cn/
Response content isn't text,https://ghoul-adr-cncs-cbt-rs-0001.ppgame.com/ghoul/logic/data/play_method/team_platform/team_platform_info.lc.1030529245
Response content isn't text,https://ghoul-adr-cncs-cbt-rs-0001.ppgame.com/ghoul/logic/lang/cn/skill_levelup_info.lc.671695090
'https://authserver.njau.edu.cn:443/authserver/login?service=https%3A%2F%2Fmyportal.njau.edu.cn%3A443%2Fpublicapp%2Fsys%2Fmykbxt%2Fapi%2FgetMyTimeTableList.do%3FweekOfTerm%3D20%26schoolYearTerm%3D2017-2018-2',https://authserver.njau.edu.cn:443/authserver/login?service=https%3A%2F%2Fmyportal.njau.edu.cn%3A443%2Fpublicapp%2Fsys%2Fmykbxt%2Fapi%2FgetMyTimeTableList.do%3FweekOfTerm%3D20%26schoolYearTerm%3D2017-2018-2
Response content isn't text,https://dl.pinyin.sogou.com/patch_files_6.5/patch_1535509956_4.scel.gz?v=8.8.0.1953&h=59D897255C6554194073DDB3E6A3A37F
Response content isn't text,https://dl.pinyin.sogou.com/gz_files_6.5/b6560b16401b8de150ded15bcae17894.scel.gz?v=8.9.0.2180&h=6FD9DDE32146967818F17F65CFDED05A&cs=1
'https://202.119.225.34/cgi-bin/tohttps.cgi',https://202.119.225.34/cgi-bin/tohttps.cgi
Response content isn't text,https://i3.hdslb.com/bfs/videoshot/24672140.bin?vsign=9aadd2585e1b3861cff3599e100e18c424e61248&ver=74216555
Response content isn't text,https://cdn.qiaobutang.com/static/font/qbt-font_69daed2.woff
Response content isn't text,https://ghoul-adr-cncs-cbt-rs-0001.ppgame.com/ghoul/logic/lang/cn/item_source_des.lc.389912650
Response content isn't text,https://pic6.58cdn.com.cn/anjuke_58/d5ef4327e40b707e54a5e779e0a3d764?w=336&h=240&crop=1
Response content isn't text,https://pic6.58cdn.com.cn/anjuke_58/6552a424c3c35a7513d29e4537b2d792?w=336&h=240&crop=1
Response content isn't text,https://pic6.58cdn.com.cn/anjuke_58/438fc241442052f2f001ab39b78b6e92?w=336&h=240&crop=1
list index out of range,https://download0.vivo.com.cn/sms/deviceconfig/0086b7149d9a413d8e26508d65fcbcee/VivoImeiApps_2_336.xml
Response content isn't text,https://pic5.58cdn.com.cn/anjuke_58/6838dada111dd14e7cc65d63f970b3ed?w=336&h=240&crop=1
Response content isn't text,https://zsb.suda.edu.cn/WebResource.axd?d=4NSjh2nAAohtfSA2kyN2dGAvcOLtM0-0I3Ih8Iz_YJDiYl7dDoMEaNlNDkoAOQCvGzFqJ6bj3F9YURtZSzr5l6oqK2k1&t=636183660386983750
Response content isn't text,https://i3.hdslb.com/bfs/videoshot/50027354.bin?vsign=830a1c49e94809b51dddd3f4f862f57c7a94598b&ver=100645241
'https://woa.cczu.edu.cn/Account/LogOn?ReturnUrl=%2f',https://woa.cczu.edu.cn/Account/LogOn?ReturnUrl=%2f
Response content isn't text,https://images.gitbook.cn/a50b5df0-531e-11e8-913c-c78aa565f157
Response content isn't text,https://i3.hdslb.com/bfs/videoshot/30383592.bin?vsign=3d861baddca580926fe4ee70d15498cbc4823a66&ver=83584862
Response content isn't text,https://cdn1.ime.sogou.com/yun_pack_zb/yun_d1d7abcd5070d4cbd80013c72a07002d_1
Response content isn't text,https://7j1xxl.com2.z0.glb.qiniucdn.com/tdata_vHH584
Response content isn't text,https://7j1xxl.com2.z0.glb.qiniucdn.com/tdata_rRG322
Response content isn't text,https://i3.hdslb.com/bfs/videoshot/51927603.bin?vsign=eddcf9739a21928b683724f4f5f2f8b60f835a6d&ver=101647228
Response content isn't text,https://edc3f09a7c333.cdn.sohucs.com/s_mini/pic/2016/03/26/89546761172944384
Response content isn't text,https://i3.hdslb.com/bfs/videoshot/50002429.bin?vsign=a8fee0fbbfa02944a60568f3b6cb35358f7d3db6&ver=100636610
Response content isn't text,https://ghoul-adr-cncs-cbt-rs-0001.ppgame.com/ghoul/logic/data/__config_index__.lc.1881912687
Response content isn't text,https://i3.hdslb.com/bfs/videoshot/50510743.bin?vsign=c7524a7877155037013ec7d683d77203557bf00a&ver=100901911
Response content isn't text,https://wdl1.cache.wps.cn/per-plugin/dl/addons/pool/win-i386/kwpsinvfy4_1.0.0.50.7z
'http://ids.njust.edu.cn/authserver/login?service=https%3A%2F%2Fi.njust.edu.cn%3A443%2F',http://ids.njust.edu.cn/authserver/login?service=https%3A%2F%2Fi.njust.edu.cn%3A443%2F
"'https://actgw-static.yy.com/dwyz/hotchannels?data=%7B%22__yyp_max__%22:251,%22__yyp_min__%22:230,%22channel_type%22:2,%22count%22:30,%22extends%22:%7B%7D,%22start%22:0%7D'","https://actgw-static.yy.com/dwyz/hotchannels?data=%7B%22__yyp_max__%22:251,%22__yyp_min__%22:230,%22channel_type%22:2,%22count%22:30,%22extends%22:%7B%7D,%22start%22:0%7D"
Response content isn't text,https://i3.hdslb.com/bfs/videoshot/603317.bin?vsign=dd215986fa36dc823be0f49adf1a51ad1e96df16&ver=31075880
'https://elite.nju.edu.cn/jiaowu/',https://elite.nju.edu.cn/jiaowu/
Response content isn't text,https://ghoul-adr-cncs-cbt-rs-0001.ppgame.com/ghoul/logic/data/cards/role_passive_info.lc.122048811
Response content isn't text,https://i3.hdslb.com/bfs/videoshot/5162322.bin?vsign=eea8df6ba94b581952bb0cea02041ef73f0ba02d&ver=31087923
Response content isn't text,https://dl.pinyin.sogou.com/gz_files_6.5/b6560b16401b8de150ded15bcae17894.scel.gz?v=9.0.0.2502&h=6C20E96FF796378FE0603092C62280D1&cs=1
Response content isn't text,https://download0.vivo.com.cn/teddy/white/213/white_212_213.bin
Response content isn't text,https://ghoul-adr-cncs-cbt-rs-0001.ppgame.com/ghoul/logic/data/cards/role_passive_property/passive_property_30062300.lc.1723469831
Response content isn't text,https://ghoul-adr-cncs-cbt-rs-0001.ppgame.com/ghoul/logic/data/cards/role_passive_property/passive_property_30039300.lc.838216053
Response content isn't text,https://ghoul-adr-cncs-cbt-rs-0001.ppgame.com/ghoul/logic/data/cards/equipment/equipment_role.lc.604784839
Response content isn't text,https://be.hearst.com.cn/crop/320x320/upload.ellechina.com/2016/0918/1474151310356.JPG
Response content isn't text,https://dl.pinyin.sogou.com/gz_files_6.5/b6560b16401b8de150ded15bcae17894.scel.gz?v=8.9.0.2180&h=436025C4151B3B6FB666D2E6DC6DC050&cs=1
Response content isn't text,https://ghoul-adr-cncs-cbt-rs-0001.ppgame.com/ghoul/logic/data/cards/equipment/equip_rarity/equipment_rarity_10200170.lc.3881323268
Response content isn't text,https://pic7.58cdn.com.cn/anjuke_58/777125cb03332ffef231b966e46818b5?w=696&h=522&crop=1
Response content isn't text,https://wjhy.wkz.ucjoy.com/cdn8/cdn/res/avatar/monster/ms039_3/10_3.asset
Response content isn't text,https://ghoul-adr-cncs-cbt-rs-0001.ppgame.com/ghoul/logic/data/cards/equipment/equip_rarity/equipment_rarity_10100170.lc.783053737
Response content isn't text,https://dl.pinyin.sogou.com/patch_files_6.5/patch_1535509956_4.scel.gz?v=9.1.0.2589&h=2F5B33CDBB594B791D2A91BD110F712E
Response content isn't text,https://ghoul-adr-cncs-cbt-rs-0001.ppgame.com/ghoul/logic/data/cards/equipment/equip_rarity/equipment_rarity_10300170.lc.2409964965
Response content isn't text,https://dl.pinyin.sogou.com/patch_files_6.5/patch_1535177207_4.scel.gz?v=8.8.0.1814&h=434DB627C83E9D04D4B4DFB933F2BEA3
list index out of range,https://mail.hyit.edu.cn/coremail/s?sid=BAwRvKppyjSKOjYCVLppmvRmIrTcndoA&func=mbox:listMessages
Response content isn't text,https://ghoul-adr-cncs-cbt-rs-0001.ppgame.com/ghoul/logic/data/cards/war_soul/war_soul_level.lc.1645684219
Response content isn't text,https://ghoul-adr-cncs-cbt-rs-0001.ppgame.com/ghoul/logic/data/cards/war_soul/war_soul_star.lc.987336629
Response content isn't text,https://ghoul-adr-cncs-cbt-rs-0001.ppgame.com/ghoul/logic/data/cards/war_soul/role_war_soul_info.lc.2879825591
'http://sic.nju.edu.cn/usample/index?url=http%3A%2F%2Fsic.nju.edu.cn%2Fportal%2Fequipment%2Fedit%3Fid%3D10004%26tab%3Dsensors%26sensorId%3D14',http://sic.nju.edu.cn/usample/index?url=http%3A%2F%2Fsic.nju.edu.cn%2Fportal%2Fequipment%2Fedit%3Fid%3D10004%26tab%3Dsensors%26sensorId%3D14
'http://ids.njust.edu.cn/authserver/login?service=https%3A%2F%2Fehall.njust.edu.cn%3A443%2Fpublicapptask%2Fsys%2FtaskCenter%2FportalDataReceive%2FgetPortalDataTask.do%3Fcallback%3DjQuery21108883118963892982_1535697091691%26flag%3D1%26_%3D1535697091703',http://ids.njust.edu.cn/authserver/login?service=https%3A%2F%2Fehall.njust.edu.cn%3A443%2Fpublicapptask%2Fsys%2FtaskCenter%2FportalDataReceive%2FgetPortalDataTask.do%3Fcallback%3DjQuery21108883118963892982_1535697091691%26flag%3D1%26_%3D1535697091703
'https://weixin.yctu.edu.cn/noh/?url=http://weixin.yctu.edu.cn/home/index/2376034',https://weixin.yctu.edu.cn/noh/?url=http://weixin.yctu.edu.cn/home/index/2376034
Response content isn't text,https://i3.hdslb.com/bfs/videoshot/18440004.bin?vsign=41789e4e6c3910c1e3bafc639169c3eca323628a&ver=63746821
Response content isn't text,https://cdn.nx.51.com/v1/skilleffect/00024.mdf
Response content isn't text,https://i3.hdslb.com/bfs/videoshot/53533674.bin?vsign=8e6afec259dc679ce2bcbcd0374453531cf1b913&ver=102478159
Response content isn't text,https://ghoul-adr-cncs-cbt-rs-0001.ppgame.com/ghoul/logic/data/develop_system/guard_heart/guard_heart_equip_level.lc.3687867106
Response content isn't text,https://ghoul-adr-cncs-cbt-rs-0001.ppgame.com/ghoul/logic/data/develop_system/guard_heart/guard_heart_equip_star.lc.3650906291
Response content isn't text,https://i3.hdslb.com/bfs/videoshot/50303028.bin?vsign=3016a7087e62042328e3022ced0a33379fc269af&ver=100798053
Response content isn't text,https://static-xl9-ssl.xunlei.com/plugins/201804/179e15a257b92b9815523bcf4c416936.xar
Response content isn't text,https://static-xl9-ssl.xunlei.com/plugins/201804/b827613e417f9f1f708416a3f054253b.xar
Response content isn't text,https://dl.pinyin.sogou.com/patch_files_6.5/patch_1535618423_4.scel.gz?v=8.3.0.9412&h=B2490DFF737FF59C568B7AD748174287
Response content isn't text,https://i3.hdslb.com/bfs/videoshot/53745902.bin?vsign=f837169b55b2e691719964d40f3e70bb68741820&ver=102607055
Response content isn't text,https://i3.hdslb.com/bfs/videoshot/42069902.bin?vsign=a1541323559949bfe3152826481bb6b7ebf3b204&ver=95944100
Response content isn't text,https://i3.hdslb.com/bfs/videoshot/45808895.bin?vsign=c2116db9ae96e89ca928841b5ac619bf4e2038bf&ver=98218139
Response content isn't text,https://i3.hdslb.com/bfs/videoshot/53614360.bin?vsign=f1fe65bc945b0121c6adc7e7525c8a3bf4c4c68a&ver=102532801
Response content isn't text,https://upload.jianshu.io/book/image/1446f9f3-74e3-487a-8a8f-efb5ac7dffaf
Response content isn't text,https://ghoul-adr-cncs-cbt-rs-0001.ppgame.com/ghoul/logic/ui/area_survey/area_survey_building_all_ui.lc.2344887888
Response content isn't text,https://i3.hdslb.com/bfs/videoshot/3705922.bin?vsign=64002415e59cec6a0ffeed0bf2ba5472248e9694&ver=31105988
Response content isn't text,https://ghoul-adr-cncs-cbt-rs-0001.ppgame.com/ghoul/logic/ui/rule_des/ui_rule_des.lc.4210651554
Response content isn't text,https://i3.hdslb.com/bfs/videoshot/16148214.bin?vsign=c3682471742d602f1892ec060d0447696eb4b6d3&ver=58808626
Response content isn't text,https://www.cninfo.com.cn/finalpage/2017-12-05/1204191407.JPG
Response content isn't text,https://cdn.nx.51.com/v1/monster/100307.mdf
'http://cer.nju.edu.cn:80/amserver/UI/Login?goto=http%3A%2F%2Fmm.nju.edu.cn%2Fmobile%2FgetWifiValidCode.mo',http://cer.nju.edu.cn:80/amserver/UI/Login?goto=http%3A%2F%2Fmm.nju.edu.cn%2Fmobile%2FgetWifiValidCode.mo
Response content isn't text,https://dl.pinyin.sogou.com/gz_files_6.5/b6560b16401b8de150ded15bcae17894.scel.gz?v=8.9.0.2223&h=9E8E84147518CADA2DC6AF72E75BBBF0&cs=1
'http://cer.nju.edu.cn/amserver/UI/Login?goto=http%3A%2F%2Fmimx.nju.edu.cn%2Fim%2FqueryMySessionMessages',http://cer.nju.edu.cn/amserver/UI/Login?goto=http%3A%2F%2Fmimx.nju.edu.cn%2Fim%2FqueryMySessionMessages
Response content isn't text,https://dl.pinyin.sogou.com/patch_files_6.5/patch_1535618423_4.scel.gz?v=8.9.0.2223&h=9E8E84147518CADA2DC6AF72E75BBBF0
Response content isn't text,https://media.paperweekly.site/chenhong?v=25594951&imageView2/1/w/128/h/128/q/75|imageslim
Response content isn't text,https://static.down.72zx.com/upload/20170630/1498832482.PNG
Response content isn't text,https://i3.hdslb.com/bfs/videoshot/51225456.bin?vsign=7f8a3ad6dcae534c65ba43c9ad6d5f6cff23848d&ver=101260880
Response content isn't text,https://i3.hdslb.com/bfs/videoshot/28535091.bin?vsign=62b4de875bc29169581aa618d3f0e316e1a541bc&ver=80750828
Response content isn't text,https://i3.hdslb.com/bfs/videoshot/49817204.bin?vsign=1073796a5a9b0f085379f02132a7ae9cef73dbe4&ver=100543754
Response content isn't text,https://ghoul-adr-cncs-cbt-rs-0001.ppgame.com/ghoul/assetbundles/prefabs/ui/image/icon/buff/buff_xisheng.assetbundle.187664585
Response content isn't text,https://dl.pinyin.sogou.com/patch_files_6.5/patch_1535618423_4.scel.gz?v=9.0.0.2502&h=8030A3280E0E88EADE9F9A03A9E3B9BC
'https://zzfwxg.njxzc.edu.cn/main/loginIndex.do',https://zzfwxg.njxzc.edu.cn/main/loginIndex.do
Response content isn't text,https://ghoul-adr-cncs-cbt-rs-0001.ppgame.com/ghoul/assetbundles/prefabs/ui/image/icon/buff/buff_xuanyun.assetbundle.2284496507
Response content isn't text,https://cdn1.ime.sogou.com/yun_pack_zb/yun_f880b6485c28ef036cd5ee51f6f18426_1
Response content isn't text,https://ghoul-adr-cncs-cbt-rs-0001.ppgame.com/ghoul/assetbundles/prefabs/ui/image/icon/buff/buff_yilai.assetbundle.2580172076
Response content isn't text,https://i3.hdslb.com/bfs/videoshot/53743770.bin?vsign=3b5928a92663a152af63b943d760f4ca19f09da4&ver=102606023
Response content isn't text,https://ghoul-adr-cncs-cbt-rs-0001.ppgame.com/ghoul/assetbundles/prefabs/ui/image/icon/buff/buff_juexing.assetbundle.767257605
Response content isn't text,https://www.wyptk.com/xzq/7z.z
Response content isn't text,https://i3.hdslb.com/bfs/videoshot/53545554.bin?vsign=abe3ac30c7a393404dab614a786c79dcdbd3357e&ver=102501274
Response content isn't text,https://i3.hdslb.com/bfs/videoshot/45616969.bin?vsign=5b3a8692a18e24a99580f18b5ed4d40162e87da9&ver=98108288
Response content isn't text,https://i3.hdslb.com/bfs/videoshot/45797619.bin?vsign=caad9fd012a3e81b77a69844375bd976d96ffe82&ver=98213321
Response content isn't text,https://i3.hdslb.com/bfs/videoshot/53555284.bin?vsign=66a88d3de48756b0adc130f922c5fcc4b15984f3&ver=102507568
Response content isn't text,https://i3.hdslb.com/bfs/videoshot/44171269.bin?vsign=d23287eb8678b70048a8bb14c53dc150f8b10835&ver=97210948
Response content isn't text,https://sf1-ttcdn-tos.pstatp.com/obj/web.business.image/201808295d0da72f8ddf25a84733a995
Response content isn't text,https://wdl1.cache.wps.cn/per-plugin/dl/addons/pool/win-i386/kscreensaverimp_1.0.1.11.7z
Response content isn't text,https://i3.hdslb.com/bfs/videoshot/53614470.bin?vsign=f48a5bca2cc52c4d4a7e65b29dd0057135beacdc&ver=102532298
Response content isn't text,https://i3.hdslb.com/bfs/videoshot/47313305.bin?vsign=b031f802df0b26a7028a16747352925e35bc32cf&ver=99135103
Response content isn't text,https://i3.hdslb.com/bfs/videoshot/53174325.bin?vsign=e96341d2779707a03416e00a1884fadbc8b4c348&ver=102286168
Response content isn't text,https://ghoul-adr-cncs-cbt-rs-0001.ppgame.com/ghoul/assetbundles/prefabs/ui/image/icon/buff/buff_fangyu.assetbundle.3816304072
Response content isn't text,https://i3.hdslb.com/bfs/videoshot/49335040.bin?vsign=1809878128f14b18df3b388eb01470a14edc0541&ver=100282364
Response content isn't text,https://ghoul-adr-cncs-cbt-rs-0001.ppgame.com/ghoul/assetbundles/prefabs/ui/image/icon/buff/buff_chuxue.assetbundle.3595507930
list index out of range,https://mservice.longzhu.com/crossdomain.xml
Response content isn't text,https://i3.hdslb.com/bfs/videoshot/47922045.bin?vsign=4d8ac7bd30009e650c529b18de44687797d2536b&ver=99489487
Response content isn't text,https://i3.hdslb.com/bfs/videoshot/46347697.bin?vsign=8033d1d09ea4cff68affbe5e2fab40133a710fff&ver=98552391
Response content isn't text,https://i3.hdslb.com/bfs/videoshot/32248362.bin?vsign=b552ea9a34a774fbf942773dc9b1f7bd3a092948&ver=85940521
Response content isn't text,https://ghoul-adr-cncs-cbt-rs-0001.ppgame.com/ghoul/assetbundles/prefabs/ui/image/icon/buff/buff_kuxiu.assetbundle.263289137
Response content isn't text,https://i3.hdslb.com/bfs/videoshot/50057527.bin?vsign=fad713d1431aae21b0d0d5945a7051c78591a18a&ver=100659466
Response content isn't text,https://cdn1.ime.sogou.com/yun_pack_zb/yun_66d7ab85d538c959eb19c8739c2705fa_1
Response content isn't text,https://i3.hdslb.com/bfs/videoshot/52298775.bin?vsign=2ce20bd75cad1c1360eab2d64daf8f2eb8f0fa9a&ver=101828071
Response content isn't text,https://ghoul-adr-cncs-cbt-rs-0001.ppgame.com/ghoul/assetbundles/prefabs/ui/image/icon/buff/buff_qiangxiao.assetbundle.2633663664
Response content isn't text,https://ghoul-adr-cncs-cbt-rs-0001.ppgame.com/ghoul/assetbundles/prefabs/ui/image/icon/buff/buff_xuruo.assetbundle.3481355739
Response content isn't text,https://i3.hdslb.com/bfs/videoshot/29513970.bin?vsign=62b69e1b133e71289fb3df1debd10574e752575c&ver=82242774
Response content isn't text,https://dl.pinyin.sogou.com/gz_files_en/186a815cb12bc9eb337f196af736238f.scel.gz?v=7.0.0.9604&h=1F778D29A7892CBE349D0FE7975450AB&cs=1
'https://esf.focus.cn/beike/bj/sale',https://esf.focus.cn/beike/bj/sale
Response content isn't text,https://i3.hdslb.com/bfs/videoshot/53669442.bin?vsign=c813725b92d2f08704d3cb7d3f32db3950731181&ver=102553054
'https://jwgl.yzpc.edu.cn/cgi-bin/tohttps.cgi',https://jwgl.yzpc.edu.cn/cgi-bin/tohttps.cgi
Response content isn't text,https://edc3f09a7c333.cdn.sohucs.com/s_mini/pic/2016/03/24/88648183231546368
Response content isn't text,https://i3.hdslb.com/bfs/videoshot/53595436.bin?vsign=5ceb1fa127a1183b896404f01070600335ac4932&ver=102524957
Response content isn't text,https://cdn1.ime.sogou.com/yun_pack_zb/yun_6dcab79b9b9ac48cc198a4c1531d03ed_1
Response content isn't text,https://i3.hdslb.com/bfs/videoshot/51430703.bin?vsign=fc0073fac53165f55a1913f167e8d3670af34227&ver=101388024
Response content isn't text,https://i3.hdslb.com/bfs/videoshot/600746.bin?vsign=064227a5f4d4e7ea7ad9ced5cf7597d8eb40b749&ver=31414349
'https://m.client.10010.com/mobileService/thirdRedirect.htm?redirect_uri=http://m.client.10010.com/telephonefare/static/textdl/userLogin&desmobile=13125916612&version=android@5.91',https://m.client.10010.com/mobileService/thirdRedirect.htm?redirect_uri=http://m.client.10010.com/telephonefare/static/textdl/userLogin&desmobile=13125916612&version=android@5.91
Response content isn't text,https://i3.hdslb.com/bfs/videoshot/51931242.bin?vsign=df4aa84cfaeb4d006f3f2dc6569d281d0f781cfe&ver=101648880
Response content isn't text,https://www.cninfo.com.cn/finalpage/2015-09-19/1201611779.JPG
'https://weixin.yctu.edu.cn/noh/?url=http://weixin.yctu.edu.cn/home/index',https://weixin.yctu.edu.cn/noh/?url=http://weixin.yctu.edu.cn/home/index
Response content isn't text,https://i3.hdslb.com/bfs/videoshot/20872851.bin?vsign=bfaa3a7b6ad06753dad5c87d04db4bcd37d5121f&ver=68156272
Response content isn't text,https://ghoul-adr-cncs-cbt-rs-0001.ppgame.com/ghoul/assetbundles/prefabs/ui/image/icon/buff/buff_haosun.assetbundle.2468764352
Response content isn't text,https://i3.hdslb.com/bfs/videoshot/40457320.bin?vsign=dcdf7c6e9cb6b5a6648548369e818de311149d12&ver=94580021
Response content isn't text,https://ghoul-adr-cncs-cbt-rs-0001.ppgame.com/ghoul/assetbundles/prefabs/ui/image/icon/buff/buff_baozou.assetbundle.377028361
Response content isn't text,https://cdn1.ime.sogou.com/yun_pack_zb/yun_02e7c8b83da4f9492582ba1c9f26e351_1
Response content isn't text,https://i3.hdslb.com/bfs/videoshot/51727221.bin?vsign=9756b4e588850d13f433a8744f619bdf44d390cc&ver=101520178
Response content isn't text,https://i3.hdslb.com/bfs/videoshot/50929319.bin?vsign=8f95d30ee407345cbc429102f3a1eb575ede29e4&ver=101133287
Response content isn't text,https://i3.hdslb.com/bfs/videoshot/53292761.bin?vsign=c2f8f235887af683f0e9a1b9c34fb49d728abdfc&ver=102355784
Response content isn't text,https://cdn1.ime.sogou.com/yun_pack_zb/yun_5e56222710a3f4574b1f97f878cfcb95_1
Response content isn't text,https://dl.pinyin.sogou.com/gz_files_6.5/b6560b16401b8de150ded15bcae17894.scel.gz?v=8.4.0.1039&h=1BBB500641996FDE713CF7D1AF86DC1B&cs=1
'http://ids.njust.edu.cn/authserver/login?service=https%3A%2F%2Fids.njust.edu.cn%3A443%2Fauthserver%2Flogin%3Fservice%3Dhttp%253A%252F%252Faolan.njust.edu.cn%252F',http://ids.njust.edu.cn/authserver/login?service=https%3A%2F%2Fids.njust.edu.cn%3A443%2Fauthserver%2Flogin%3Fservice%3Dhttp%253A%252F%252Faolan.njust.edu.cn%252F
'https://authserver.njau.edu.cn:443/authserver/login?service=https%3A%2F%2Fmyportal.njau.edu.cn%3A443%2Fpublicapp%2Fsys%2Fmykbxt%2Fapi%2FgetSchoolCalendar.do%3FtermJump%3D',https://authserver.njau.edu.cn:443/authserver/login?service=https%3A%2F%2Fmyportal.njau.edu.cn%3A443%2Fpublicapp%2Fsys%2Fmykbxt%2Fapi%2FgetSchoolCalendar.do%3FtermJump%3D
Response content isn't text,https://ghoul-adr-cncs-cbt-rs-0001.ppgame.com/ghoul/assetbundles/prefabs/ui/image/icon/buff/buff_pilao.assetbundle.2902231441
Response content isn't text,https://mail.njau.edu.cn/coremail/s?sid=BAozGwttaLuNBXCRsptthudEpuqTlGwN&func=getInsidePageTitleLogoData
Response content isn't text,https://i3.hdslb.com/bfs/videoshot/32593746.bin?vsign=60b026af506de86040fcd13523d59b329dce9ca7&ver=86329318
Response content isn't text,https://cdn1.ime.sogou.com/yun_pack_zb/yun_e9779c0e2ca24fce4ee343eb62612c19_1
Response content isn't text,https://ghoul-adr-cncs-cbt-rs-0001.ppgame.com/ghoul/assetbundles/prefabs/character/ch_s039/ch_s039_fbx.assetbundle.214260402
Response content isn't text,https://dl.pinyin.sogou.com/gz_files_6.5/b6560b16401b8de150ded15bcae17894.scel.gz?v=8.8.0.1814&h=4A274914DD0A749FB374BE10831EDF6E&cs=1
